_id,type,value,unit,location,deviceId,timestamp,receivedAt
6a30c5f717ae2e664af0bcf1,amplitude,58.82,dB,auberge-gaspesie,6a2d09e3b36c2f20de8ad53f,2026-06-16T03:41:43.384Z,2026-06-16T03:41:43.535Z
6a30c5fc4633ea0cb6381281,amplitude,59.62,dB,auberge-gaspesie,6a2d09e3b36c2f20de8ad53f,2026-06-16T03:41:48.056Z,2026-06-16T03:41:48.176Z
6a30c7f2ffdab552d5509c92,amplitude,61.38,dB,auberge-gaspesie,6a2d09e3b36c2f20de8ad53f,2026-06-16T03:50:10.598Z,2026-06-16T03:50:10.799Z
6a30c7f7ffdab552d5509c95,amplitude,61.81,dB,auberge-gaspesie,6a2d09e3b36c2f20de8ad53f,2026-06-16T03:50:15.544Z,2026-06-16T03:50:15.721Z
6a30c7fcffdab552d5509c98,amplitude,61.5,dB,auberge-gaspesie,6a2d09e3b36c2f20de8ad53f,2026-06-16T03:50:20.548Z,2026-06-16T03:50:20.696Z
6a30c801ffdab552d5509c9b,amplitude,63.68,dB,auberge-gaspesie,6a2d09e3b36c2f20de8ad53f,2026-06-16T03:50:25.610Z,2026-06-16T03:50:25.847Z
6a30c806ffdab552d5509c9e,amplitude,59.46,dB,auberge-gaspesie,6a2d09e3b36c2f20de8ad53f,2026-06-16T03:50:30.562Z,2026-06-16T03:50:30.737Z
6a30c80bffdab552d5509ca1,amplitude,61.48,dB,auberge-gaspesie,6a2d09e3b36c2f20de8ad53f,2026-06-16T03:50:35.575Z,2026-06-16T03:50:35.781Z
6a30c810ffdab552d5509ca4,amplitude,61.05,dB,auberge-gaspesie,6a2d09e3b36c2f20de8ad53f,2026-06-16T03:50:40.570Z,2026-06-16T03:50:40.717Z
6a30c815ffdab552d5509ca7,amplitude,60.18,dB,auberge-gaspesie,6a2d09e3b36c2f20de8ad53f,2026-06-16T03:50:45.608Z,2026-06-16T03:50:45.780Z
6a30c81affdab552d5509caa,amplitude,60.44,dB,auberge-gaspesie,6a2d09e3b36c2f20de8ad53f,2026-06-16T03:50:50.594Z,2026-06-16T03:50:50.786Z
6a30c81fffdab552d5509cad,amplitude,58.6,dB,auberge-gaspesie,6a2d09e3b36c2f20de8ad53f,2026-06-16T03:50:55.597Z,2026-06-16T03:50:55.779Z
6a30c824ffdab552d5509cb0,amplitude,59.97,dB,auberge-gaspesie,6a2d09e3b36c2f20de8ad53f,2026-06-16T03:51:00.604Z,2026-06-16T03:51:00.790Z
6a30c829ffdab552d5509cb3,amplitude,60.2,dB,auberge-gaspesie,6a2d09e3b36c2f20de8ad53f,2026-06-16T03:51:05.635Z,2026-06-16T03:51:05.801Z
6a30c82effdab552d5509cb6,amplitude,60.07,dB,auberge-gaspesie,6a2d09e3b36c2f20de8ad53f,2026-06-16T03:51:10.620Z,2026-06-16T03:51:10.787Z
6a30c833ffdab552d5509cb9,amplitude,59.97,dB,auberge-gaspesie,6a2d09e3b36c2f20de8ad53f,2026-06-16T03:51:15.641Z,2026-06-16T03:51:15.821Z
6a30c838ffdab552d5509cbc,amplitude,59.24,dB,auberge-gaspesie,6a2d09e3b36c2f20de8ad53f,2026-06-16T03:51:20.631Z,2026-06-16T03:51:20.799Z
6a30c83dffdab552d5509cbf,amplitude,58.74,dB,auberge-gaspesie,6a2d09e3b36c2f20de8ad53f,2026-06-16T03:51:25.641Z,2026-06-16T03:51:25.793Z
6a30c842ffdab552d5509cc2,amplitude,60.89,dB,auberge-gaspesie,6a2d09e3b36c2f20de8ad53f,2026-06-16T03:51:30.657Z,2026-06-16T03:51:30.844Z
6a30c847ffdab552d5509cc5,amplitude,59.95,dB,auberge-gaspesie,6a2d09e3b36c2f20de8ad53f,2026-06-16T03:51:35.653Z,2026-06-16T03:51:35.846Z
6a30c84dffdab552d5509cc8,amplitude,62.35,dB,auberge-gaspesie,6a2d09e3b36c2f20de8ad53f,2026-06-16T03:51:40.657Z,2026-06-16T03:51:41.057Z
6a30c851ffdab552d5509ccb,amplitude,66.96,dB,auberge-gaspesie,6a2d09e3b36c2f20de8ad53f,2026-06-16T03:51:45.665Z,2026-06-16T03:51:45.864Z
6a30c856ffdab552d5509cce,amplitude,60.2,dB,auberge-gaspesie,6a2d09e3b36c2f20de8ad53f,2026-06-16T03:51:50.666Z,2026-06-16T03:51:50.859Z
6a30c85bffdab552d5509cd1,amplitude,60.13,dB,auberge-gaspesie,6a2d09e3b36c2f20de8ad53f,2026-06-16T03:51:55.666Z,2026-06-16T03:51:55.834Z
6a30c860ffdab552d5509cd4,amplitude,58.6,dB,auberge-gaspesie,6a2d09e3b36c2f20de8ad53f,2026-06-16T03:52:00.697Z,2026-06-16T03:52:00.868Z
6a30c865ffdab552d5509cd7,amplitude,60.18,dB,auberge-gaspesie,6a2d09e3b36c2f20de8ad53f,2026-06-16T03:52:05.714Z,2026-06-16T03:52:05.904Z
6a30c86affdab552d5509cda,amplitude,61.6,dB,auberge-gaspesie,6a2d09e3b36c2f20de8ad53f,2026-06-16T03:52:10.710Z,2026-06-16T03:52:10.863Z
6a30c86fffdab552d5509cdd,amplitude,60,dB,auberge-gaspesie,6a2d09e3b36c2f20de8ad53f,2026-06-16T03:52:15.727Z,2026-06-16T03:52:15.920Z
6a30c874ffdab552d5509ce0,amplitude,61.76,dB,auberge-gaspesie,6a2d09e3b36c2f20de8ad53f,2026-06-16T03:52:20.745Z,2026-06-16T03:52:20.958Z
6a30c879ffdab552d5509ce3,amplitude,63.62,dB,auberge-gaspesie,6a2d09e3b36c2f20de8ad53f,2026-06-16T03:52:25.749Z,2026-06-16T03:52:25.977Z
6a30c87effdab552d5509ce6,amplitude,70.33,dB,auberge-gaspesie,6a2d09e3b36c2f20de8ad53f,2026-06-16T03:52:30.767Z,2026-06-16T03:52:30.984Z
6a30c884ffdab552d5509ce9,amplitude,58.34,dB,auberge-gaspesie,6a2d09e3b36c2f20de8ad53f,2026-06-16T03:52:35.765Z,2026-06-16T03:52:36.004Z
6a30c889ffdab552d5509cec,amplitude,56.97,dB,auberge-gaspesie,6a2d09e3b36c2f20de8ad53f,2026-06-16T03:52:40.767Z,2026-06-16T03:52:41.021Z
6a30c88effdab552d5509cef,amplitude,57.02,dB,auberge-gaspesie,6a2d09e3b36c2f20de8ad53f,2026-06-16T03:52:45.779Z,2026-06-16T03:52:46.183Z
6a30c893ffdab552d5509cf2,amplitude,56.8,dB,auberge-gaspesie,6a2d09e3b36c2f20de8ad53f,2026-06-16T03:52:50.781Z,2026-06-16T03:52:51.058Z
6a30c897ffdab552d5509cf5,amplitude,60.59,dB,auberge-gaspesie,6a2d09e3b36c2f20de8ad53f,2026-06-16T03:52:55.795Z,2026-06-16T03:52:55.978Z
6a30c89dffdab552d5509cf8,amplitude,69.65,dB,auberge-gaspesie,6a2d09e3b36c2f20de8ad53f,2026-06-16T03:53:00.802Z,2026-06-16T03:53:01.092Z
6a30c8a2ffdab552d5509cfb,amplitude,59.99,dB,auberge-gaspesie,6a2d09e3b36c2f20de8ad53f,2026-06-16T03:53:05.797Z,2026-06-16T03:53:06.003Z
6a30c8a7ffdab552d5509cfe,amplitude,73.89,dB,auberge-gaspesie,6a2d09e3b36c2f20de8ad53f,2026-06-16T03:53:10.804Z,2026-06-16T03:53:11.024Z
6a30c8acffdab552d5509d01,amplitude,62.64,dB,auberge-gaspesie,6a2d09e3b36c2f20de8ad53f,2026-06-16T03:53:15.810Z,2026-06-16T03:53:16.039Z
6a30c8b1ffdab552d5509d04,amplitude,69.52,dB,auberge-gaspesie,6a2d09e3b36c2f20de8ad53f,2026-06-16T03:53:20.820Z,2026-06-16T03:53:21.055Z
6a30c8b6ffdab552d5509d07,amplitude,56.71,dB,auberge-gaspesie,6a2d09e3b36c2f20de8ad53f,2026-06-16T03:53:25.832Z,2026-06-16T03:53:26.075Z
6a30c8bbffdab552d5509d0a,amplitude,66.62,dB,auberge-gaspesie,6a2d09e3b36c2f20de8ad53f,2026-06-16T03:53:30.832Z,2026-06-16T03:53:31.090Z
6a30c8c0ffdab552d5509d0d,amplitude,54.73,dB,auberge-gaspesie,6a2d09e3b36c2f20de8ad53f,2026-06-16T03:53:35.841Z,2026-06-16T03:53:36.115Z
6a30c8c5ffdab552d5509d10,amplitude,53.04,dB,auberge-gaspesie,6a2d09e3b36c2f20de8ad53f,2026-06-16T03:53:40.847Z,2026-06-16T03:53:41.003Z
6a30c8caffdab552d5509d13,amplitude,52.76,dB,auberge-gaspesie,6a2d09e3b36c2f20de8ad53f,2026-06-16T03:53:45.850Z,2026-06-16T03:53:46.161Z
6a30c8cfffdab552d5509d16,amplitude,53,dB,auberge-gaspesie,6a2d09e3b36c2f20de8ad53f,2026-06-16T03:53:50.863Z,2026-06-16T03:53:51.173Z
6a30c8d4ffdab552d5509d19,amplitude,52.91,dB,auberge-gaspesie,6a2d09e3b36c2f20de8ad53f,2026-06-16T03:53:55.903Z,2026-06-16T03:53:56.100Z
6a30c8d9ffdab552d5509d1c,amplitude,51.63,dB,auberge-gaspesie,6a2d09e3b36c2f20de8ad53f,2026-06-16T03:54:00.871Z,2026-06-16T03:54:01.094Z
6a30c8deffdab552d5509d1f,amplitude,48.07,dB,auberge-gaspesie,6a2d09e3b36c2f20de8ad53f,2026-06-16T03:54:05.877Z,2026-06-16T03:54:06.121Z
6a30c8e3ffdab552d5509d22,amplitude,58.36,dB,auberge-gaspesie,6a2d09e3b36c2f20de8ad53f,2026-06-16T03:54:10.902Z,2026-06-16T03:54:11.130Z
6a30c8e8ffdab552d5509d25,amplitude,57.11,dB,auberge-gaspesie,6a2d09e3b36c2f20de8ad53f,2026-06-16T03:54:15.911Z,2026-06-16T03:54:16.144Z
6a30c8edffdab552d5509d28,amplitude,48.8,dB,auberge-gaspesie,6a2d09e3b36c2f20de8ad53f,2026-06-16T03:54:20.887Z,2026-06-16T03:54:21.163Z
6a30c8f2ffdab552d5509d2b,amplitude,47.32,dB,auberge-gaspesie,6a2d09e3b36c2f20de8ad53f,2026-06-16T03:54:25.904Z,2026-06-16T03:54:26.109Z
6a30c8f7ffdab552d5509d2e,amplitude,50.51,dB,auberge-gaspesie,6a2d09e3b36c2f20de8ad53f,2026-06-16T03:54:30.917Z,2026-06-16T03:54:31.194Z
6a30c8fcffdab552d5509d31,amplitude,46.54,dB,auberge-gaspesie,6a2d09e3b36c2f20de8ad53f,2026-06-16T03:54:35.961Z,2026-06-16T03:54:36.348Z
6a30c901ffdab552d5509d34,amplitude,55.1,dB,auberge-gaspesie,6a2d09e3b36c2f20de8ad53f,2026-06-16T03:54:40.936Z,2026-06-16T03:54:41.238Z
6a30c906ffdab552d5509d37,amplitude,47.61,dB,auberge-gaspesie,6a2d09e3b36c2f20de8ad53f,2026-06-16T03:54:45.942Z,2026-06-16T03:54:46.148Z
6a30c90bffdab552d5509d3a,amplitude,47.11,dB,auberge-gaspesie,6a2d09e3b36c2f20de8ad53f,2026-06-16T03:54:50.945Z,2026-06-16T03:54:51.166Z
6a30c910ffdab552d5509d3d,amplitude,50.29,dB,auberge-gaspesie,6a2d09e3b36c2f20de8ad53f,2026-06-16T03:54:55.951Z,2026-06-16T03:54:56.183Z
6a30c915ffdab552d5509d40,amplitude,46.58,dB,auberge-gaspesie,6a2d09e3b36c2f20de8ad53f,2026-06-16T03:55:00.958Z,2026-06-16T03:55:01.201Z
6a30c91affdab552d5509d43,amplitude,46.86,dB,auberge-gaspesie,6a2d09e3b36c2f20de8ad53f,2026-06-16T03:55:05.959Z,2026-06-16T03:55:06.108Z
6a30c91fffdab552d5509d46,amplitude,47.49,dB,auberge-gaspesie,6a2d09e3b36c2f20de8ad53f,2026-06-16T03:55:10.963Z,2026-06-16T03:55:11.222Z
6a30c924ffdab552d5509d49,amplitude,55.27,dB,auberge-gaspesie,6a2d09e3b36c2f20de8ad53f,2026-06-16T03:55:15.968Z,2026-06-16T03:55:16.132Z
6a30c929ffdab552d5509d4c,amplitude,47.3,dB,auberge-gaspesie,6a2d09e3b36c2f20de8ad53f,2026-06-16T03:55:20.978Z,2026-06-16T03:55:21.147Z
6a30c92effdab552d5509d4f,amplitude,55.59,dB,auberge-gaspesie,6a2d09e3b36c2f20de8ad53f,2026-06-16T03:55:25.987Z,2026-06-16T03:55:26.133Z
6a30c933ffdab552d5509d52,amplitude,54.69,dB,auberge-gaspesie,6a2d09e3b36c2f20de8ad53f,2026-06-16T03:55:31.003Z,2026-06-16T03:55:31.150Z
6a30c938ffdab552d5509d55,amplitude,51.75,dB,auberge-gaspesie,6a2d09e3b36c2f20de8ad53f,2026-06-16T03:55:36.008Z,2026-06-16T03:55:36.170Z
6a30c93dffdab552d5509d58,amplitude,48.5,dB,auberge-gaspesie,6a2d09e3b36c2f20de8ad53f,2026-06-16T03:55:41.008Z,2026-06-16T03:55:41.178Z
6a30c942ffdab552d5509d5b,amplitude,46.41,dB,auberge-gaspesie,6a2d09e3b36c2f20de8ad53f,2026-06-16T03:55:46.024Z,2026-06-16T03:55:46.257Z
6a30c947ffdab552d5509d5e,amplitude,52.12,dB,auberge-gaspesie,6a2d09e3b36c2f20de8ad53f,2026-06-16T03:55:51.031Z,2026-06-16T03:55:51.275Z
6a30c94cffdab552d5509d61,amplitude,45.44,dB,auberge-gaspesie,6a2d09e3b36c2f20de8ad53f,2026-06-16T03:55:56.049Z,2026-06-16T03:55:56.295Z
6a30c951ffdab552d5509d64,amplitude,54.5,dB,auberge-gaspesie,6a2d09e3b36c2f20de8ad53f,2026-06-16T03:56:01.058Z,2026-06-16T03:56:01.321Z
6a30c956ffdab552d5509d67,amplitude,47.11,dB,auberge-gaspesie,6a2d09e3b36c2f20de8ad53f,2026-06-16T03:56:06.078Z,2026-06-16T03:56:06.262Z
6a30c95bffdab552d5509d6a,amplitude,80.02,dB,auberge-gaspesie,6a2d09e3b36c2f20de8ad53f,2026-06-16T03:56:11.086Z,2026-06-16T03:56:11.230Z
6a30c960ffdab552d5509d6d,amplitude,54.76,dB,auberge-gaspesie,6a2d09e3b36c2f20de8ad53f,2026-06-16T03:56:16.091Z,2026-06-16T03:56:16.368Z
6a30c965ffdab552d5509d70,amplitude,46.81,dB,auberge-gaspesie,6a2d09e3b36c2f20de8ad53f,2026-06-16T03:56:21.092Z,2026-06-16T03:56:21.254Z
6a30c96affdab552d5509d73,amplitude,60.8,dB,auberge-gaspesie,6a2d09e3b36c2f20de8ad53f,2026-06-16T03:56:26.091Z,2026-06-16T03:56:26.256Z
6a30c96fffdab552d5509d76,amplitude,61.55,dB,auberge-gaspesie,6a2d09e3b36c2f20de8ad53f,2026-06-16T03:56:31.107Z,2026-06-16T03:56:31.361Z
6a30c974ffdab552d5509d79,amplitude,63.65,dB,auberge-gaspesie,6a2d09e3b36c2f20de8ad53f,2026-06-16T03:56:36.103Z,2026-06-16T03:56:36.330Z
6a30c979ffdab552d5509d7c,amplitude,71.42,dB,auberge-gaspesie,6a2d09e3b36c2f20de8ad53f,2026-06-16T03:56:41.128Z,2026-06-16T03:56:41.348Z
6a30c97effdab552d5509d7f,amplitude,61.54,dB,auberge-gaspesie,6a2d09e3b36c2f20de8ad53f,2026-06-16T03:56:46.151Z,2026-06-16T03:56:46.365Z
6a30c983ffdab552d5509d82,amplitude,69.93,dB,auberge-gaspesie,6a2d09e3b36c2f20de8ad53f,2026-06-16T03:56:51.131Z,2026-06-16T03:56:51.383Z
6a30c988ffdab552d5509d85,amplitude,57.89,dB,auberge-gaspesie,6a2d09e3b36c2f20de8ad53f,2026-06-16T03:56:56.142Z,2026-06-16T03:56:56.401Z
6a30c98dffdab552d5509d88,amplitude,57.72,dB,auberge-gaspesie,6a2d09e3b36c2f20de8ad53f,2026-06-16T03:57:01.156Z,2026-06-16T03:57:01.422Z
6a30c992ffdab552d5509d8b,amplitude,58.85,dB,auberge-gaspesie,6a2d09e3b36c2f20de8ad53f,2026-06-16T03:57:06.155Z,2026-06-16T03:57:06.340Z
6a30c997ffdab552d5509d8e,amplitude,57.11,dB,auberge-gaspesie,6a2d09e3b36c2f20de8ad53f,2026-06-16T03:57:11.179Z,2026-06-16T03:57:11.352Z
6a30c99cffdab552d5509d91,amplitude,71.92,dB,auberge-gaspesie,6a2d09e3b36c2f20de8ad53f,2026-06-16T03:57:16.175Z,2026-06-16T03:57:16.388Z
6a30c9a1ffdab552d5509d94,amplitude,64.91,dB,auberge-gaspesie,6a2d09e3b36c2f20de8ad53f,2026-06-16T03:57:21.204Z,2026-06-16T03:57:21.490Z
6a30c9a6ffdab552d5509d97,amplitude,61.9,dB,auberge-gaspesie,6a2d09e3b36c2f20de8ad53f,2026-06-16T03:57:26.199Z,2026-06-16T03:57:26.405Z
6a30c9abffdab552d5509d9a,amplitude,68.54,dB,auberge-gaspesie,6a2d09e3b36c2f20de8ad53f,2026-06-16T03:57:31.206Z,2026-06-16T03:57:31.423Z
6a30c9b0ffdab552d5509d9d,amplitude,64.39,dB,auberge-gaspesie,6a2d09e3b36c2f20de8ad53f,2026-06-16T03:57:36.217Z,2026-06-16T03:57:36.440Z
6a30c9b5ffdab552d5509da0,amplitude,60.97,dB,auberge-gaspesie,6a2d09e3b36c2f20de8ad53f,2026-06-16T03:57:41.285Z,2026-06-16T03:57:41.561Z
6a30c9baffdab552d5509da3,amplitude,63.71,dB,auberge-gaspesie,6a2d09e3b36c2f20de8ad53f,2026-06-16T03:57:46.248Z,2026-06-16T03:57:46.475Z
6a30c9bfffdab552d5509da6,amplitude,51.72,dB,auberge-gaspesie,6a2d09e3b36c2f20de8ad53f,2026-06-16T03:57:51.247Z,2026-06-16T03:57:51.425Z
6a30c9c4ffdab552d5509da9,amplitude,50.63,dB,auberge-gaspesie,6a2d09e3b36c2f20de8ad53f,2026-06-16T03:57:56.255Z,2026-06-16T03:57:56.525Z
6a30c9c9ffdab552d5509dac,amplitude,51.13,dB,auberge-gaspesie,6a2d09e3b36c2f20de8ad53f,2026-06-16T03:58:01.274Z,2026-06-16T03:58:01.429Z
6a30c9ceffdab552d5509daf,amplitude,61.54,dB,auberge-gaspesie,6a2d09e3b36c2f20de8ad53f,2026-06-16T03:58:06.258Z,2026-06-16T03:58:06.453Z
6a30c9d3ffdab552d5509db2,amplitude,56.42,dB,auberge-gaspesie,6a2d09e3b36c2f20de8ad53f,2026-06-16T03:58:11.262Z,2026-06-16T03:58:11.460Z
6a30c9d8ffdab552d5509db5,amplitude,57.3,dB,auberge-gaspesie,6a2d09e3b36c2f20de8ad53f,2026-06-16T03:58:16.267Z,2026-06-16T03:58:16.423Z
6a30c9ddffdab552d5509db8,amplitude,52.94,dB,auberge-gaspesie,6a2d09e3b36c2f20de8ad53f,2026-06-16T03:58:21.308Z,2026-06-16T03:58:21.496Z
6a30c9e2ffdab552d5509dbb,amplitude,62.11,dB,auberge-gaspesie,6a2d09e3b36c2f20de8ad53f,2026-06-16T03:58:26.285Z,2026-06-16T03:58:26.516Z
6a30c9e7ffdab552d5509dbe,amplitude,63.95,dB,auberge-gaspesie,6a2d09e3b36c2f20de8ad53f,2026-06-16T03:58:31.287Z,2026-06-16T03:58:31.531Z
6a30c9ecffdab552d5509dc1,amplitude,59.93,dB,auberge-gaspesie,6a2d09e3b36c2f20de8ad53f,2026-06-16T03:58:36.293Z,2026-06-16T03:58:36.456Z
6a30c9f1ffdab552d5509dc4,amplitude,63.03,dB,auberge-gaspesie,6a2d09e3b36c2f20de8ad53f,2026-06-16T03:58:41.317Z,2026-06-16T03:58:41.499Z
6a30c9f6ffdab552d5509dc7,amplitude,55.66,dB,auberge-gaspesie,6a2d09e3b36c2f20de8ad53f,2026-06-16T03:58:46.308Z,2026-06-16T03:58:46.477Z
6a30c9fbffdab552d5509dca,amplitude,62.31,dB,auberge-gaspesie,6a2d09e3b36c2f20de8ad53f,2026-06-16T03:58:51.321Z,2026-06-16T03:58:51.500Z
6a30ca00ffdab552d5509dcd,amplitude,88.28,dB,auberge-gaspesie,6a2d09e3b36c2f20de8ad53f,2026-06-16T03:58:56.323Z,2026-06-16T03:58:56.524Z
6a30ca05ffdab552d5509dd0,amplitude,49.22,dB,auberge-gaspesie,6a2d09e3b36c2f20de8ad53f,2026-06-16T03:59:01.331Z,2026-06-16T03:59:01.489Z
6a30ca0affdab552d5509dd3,amplitude,49.58,dB,auberge-gaspesie,6a2d09e3b36c2f20de8ad53f,2026-06-16T03:59:06.333Z,2026-06-16T03:59:06.504Z
6a30ca0fffdab552d5509dd6,amplitude,50.07,dB,auberge-gaspesie,6a2d09e3b36c2f20de8ad53f,2026-06-16T03:59:11.336Z,2026-06-16T03:59:11.487Z
6a30ca14ffdab552d5509dd9,amplitude,45.48,dB,auberge-gaspesie,6a2d09e3b36c2f20de8ad53f,2026-06-16T03:59:16.345Z,2026-06-16T03:59:16.519Z
6a30ca19ffdab552d5509ddc,amplitude,56.52,dB,auberge-gaspesie,6a2d09e3b36c2f20de8ad53f,2026-06-16T03:59:21.361Z,2026-06-16T03:59:21.510Z
6a30ca1effdab552d5509ddf,amplitude,51.16,dB,auberge-gaspesie,6a2d09e3b36c2f20de8ad53f,2026-06-16T03:59:26.371Z,2026-06-16T03:59:26.543Z
6a30ca23ffdab552d5509de2,amplitude,47.89,dB,auberge-gaspesie,6a2d09e3b36c2f20de8ad53f,2026-06-16T03:59:31.376Z,2026-06-16T03:59:31.516Z
6a30ca28ffdab552d5509de5,amplitude,49.55,dB,auberge-gaspesie,6a2d09e3b36c2f20de8ad53f,2026-06-16T03:59:36.393Z,2026-06-16T03:59:36.548Z
6a30ca2dffdab552d5509de8,amplitude,56.33,dB,auberge-gaspesie,6a2d09e3b36c2f20de8ad53f,2026-06-16T03:59:41.387Z,2026-06-16T03:59:41.544Z
6a30ca32ffdab552d5509deb,amplitude,51.22,dB,auberge-gaspesie,6a2d09e3b36c2f20de8ad53f,2026-06-16T03:59:46.395Z,2026-06-16T03:59:46.538Z
6a30ca37ffdab552d5509dee,amplitude,50.94,dB,auberge-gaspesie,6a2d09e3b36c2f20de8ad53f,2026-06-16T03:59:51.393Z,2026-06-16T03:59:51.545Z
6a30ca3cffdab552d5509df1,amplitude,72.46,dB,auberge-gaspesie,6a2d09e3b36c2f20de8ad53f,2026-06-16T03:59:56.407Z,2026-06-16T03:59:56.578Z
6a30ca41ffdab552d5509df4,amplitude,51.49,dB,auberge-gaspesie,6a2d09e3b36c2f20de8ad53f,2026-06-16T04:00:01.418Z,2026-06-16T04:00:01.593Z
6a30ca46ffdab552d5509df7,amplitude,51.41,dB,auberge-gaspesie,6a2d09e3b36c2f20de8ad53f,2026-06-16T04:00:06.426Z,2026-06-16T04:00:06.599Z
6a30ca4bffdab552d5509dfa,amplitude,52.22,dB,auberge-gaspesie,6a2d09e3b36c2f20de8ad53f,2026-06-16T04:00:11.433Z,2026-06-16T04:00:11.593Z
6a30ca50ffdab552d5509dfd,amplitude,51.87,dB,auberge-gaspesie,6a2d09e3b36c2f20de8ad53f,2026-06-16T04:00:16.446Z,2026-06-16T04:00:16.600Z
6a30ca55ffdab552d5509e00,amplitude,45.58,dB,auberge-gaspesie,6a2d09e3b36c2f20de8ad53f,2026-06-16T04:00:21.455Z,2026-06-16T04:00:21.626Z
6a30ca5affdab552d5509e03,amplitude,45.94,dB,auberge-gaspesie,6a2d09e3b36c2f20de8ad53f,2026-06-16T04:00:26.456Z,2026-06-16T04:00:26.607Z
6a30ca5fffdab552d5509e06,amplitude,47.74,dB,auberge-gaspesie,6a2d09e3b36c2f20de8ad53f,2026-06-16T04:00:31.473Z,2026-06-16T04:00:31.666Z
6a30ca64ffdab552d5509e09,amplitude,59.01,dB,auberge-gaspesie,6a2d09e3b36c2f20de8ad53f,2026-06-16T04:00:36.482Z,2026-06-16T04:00:36.644Z
6a30ca69ffdab552d5509e0c,amplitude,60.68,dB,auberge-gaspesie,6a2d09e3b36c2f20de8ad53f,2026-06-16T04:00:41.491Z,2026-06-16T04:00:41.657Z
6a30ca6effdab552d5509e0f,amplitude,52.44,dB,auberge-gaspesie,6a2d09e3b36c2f20de8ad53f,2026-06-16T04:00:46.507Z,2026-06-16T04:00:46.664Z
6a30ca73ffdab552d5509e12,amplitude,61.11,dB,auberge-gaspesie,6a2d09e3b36c2f20de8ad53f,2026-06-16T04:00:51.508Z,2026-06-16T04:00:51.787Z
6a30ca78ffdab552d5509e15,amplitude,64.26,dB,auberge-gaspesie,6a2d09e3b36c2f20de8ad53f,2026-06-16T04:00:56.519Z,2026-06-16T04:00:56.695Z
6a30ca7dffdab552d5509e18,amplitude,54.22,dB,auberge-gaspesie,6a2d09e3b36c2f20de8ad53f,2026-06-16T04:01:01.526Z,2026-06-16T04:01:01.698Z
6a30ca82ffdab552d5509e1b,amplitude,57.87,dB,auberge-gaspesie,6a2d09e3b36c2f20de8ad53f,2026-06-16T04:01:06.532Z,2026-06-16T04:01:06.696Z
6a30ca87ffdab552d5509e1e,amplitude,48.51,dB,auberge-gaspesie,6a2d09e3b36c2f20de8ad53f,2026-06-16T04:01:11.540Z,2026-06-16T04:01:11.714Z
6a30ca8cffdab552d5509e21,amplitude,62.83,dB,auberge-gaspesie,6a2d09e3b36c2f20de8ad53f,2026-06-16T04:01:16.552Z,2026-06-16T04:01:16.721Z
6a30ca91ffdab552d5509e24,amplitude,51.57,dB,auberge-gaspesie,6a2d09e3b36c2f20de8ad53f,2026-06-16T04:01:21.555Z,2026-06-16T04:01:21.723Z
6a30ca96ffdab552d5509e27,amplitude,48.28,dB,auberge-gaspesie,6a2d09e3b36c2f20de8ad53f,2026-06-16T04:01:26.558Z,2026-06-16T04:01:26.720Z
6a30ca9bffdab552d5509e2a,amplitude,64.53,dB,auberge-gaspesie,6a2d09e3b36c2f20de8ad53f,2026-06-16T04:01:31.612Z,2026-06-16T04:01:31.798Z
6a30caa0ffdab552d5509e2d,amplitude,61.87,dB,auberge-gaspesie,6a2d09e3b36c2f20de8ad53f,2026-06-16T04:01:36.594Z,2026-06-16T04:01:36.778Z
6a30caa5ffdab552d5509e30,amplitude,60.29,dB,auberge-gaspesie,6a2d09e3b36c2f20de8ad53f,2026-06-16T04:01:41.607Z,2026-06-16T04:01:41.892Z
6a30caaaffdab552d5509e33,amplitude,55.31,dB,auberge-gaspesie,6a2d09e3b36c2f20de8ad53f,2026-06-16T04:01:46.602Z,2026-06-16T04:01:46.769Z
6a30caafffdab552d5509e36,amplitude,54.44,dB,auberge-gaspesie,6a2d09e3b36c2f20de8ad53f,2026-06-16T04:01:51.608Z,2026-06-16T04:01:51.798Z
6a30cab4ffdab552d5509e39,amplitude,83.58,dB,auberge-gaspesie,6a2d09e3b36c2f20de8ad53f,2026-06-16T04:01:56.613Z,2026-06-16T04:01:56.794Z
6a30cab9ffdab552d5509e3c,amplitude,54.08,dB,auberge-gaspesie,6a2d09e3b36c2f20de8ad53f,2026-06-16T04:02:01.630Z,2026-06-16T04:02:01.776Z
6a30cabeffdab552d5509e3f,amplitude,62.52,dB,auberge-gaspesie,6a2d09e3b36c2f20de8ad53f,2026-06-16T04:02:06.631Z,2026-06-16T04:02:06.814Z
6a30cac3ffdab552d5509e42,amplitude,66.43,dB,auberge-gaspesie,6a2d09e3b36c2f20de8ad53f,2026-06-16T04:02:11.646Z,2026-06-16T04:02:11.835Z
6a30cac8ffdab552d5509e45,amplitude,48.36,dB,auberge-gaspesie,6a2d09e3b36c2f20de8ad53f,2026-06-16T04:02:16.638Z,2026-06-16T04:02:16.798Z
6a30cacdffdab552d5509e48,amplitude,50,dB,auberge-gaspesie,6a2d09e3b36c2f20de8ad53f,2026-06-16T04:02:21.638Z,2026-06-16T04:02:21.805Z
6a30cad2ffdab552d5509e4b,amplitude,47.71,dB,auberge-gaspesie,6a2d09e3b36c2f20de8ad53f,2026-06-16T04:02:26.652Z,2026-06-16T04:02:26.818Z
6a30cad8ffdab552d5509e4e,amplitude,50.83,dB,auberge-gaspesie,6a2d09e3b36c2f20de8ad53f,2026-06-16T04:02:31.666Z,2026-06-16T04:02:32.153Z
6a30cadcffdab552d5509e51,amplitude,62.97,dB,auberge-gaspesie,6a2d09e3b36c2f20de8ad53f,2026-06-16T04:02:36.663Z,2026-06-16T04:02:36.847Z
6a30cae1ffdab552d5509e54,amplitude,61.39,dB,auberge-gaspesie,6a2d09e3b36c2f20de8ad53f,2026-06-16T04:02:41.660Z,2026-06-16T04:02:41.841Z
6a30cae6ffdab552d5509e57,amplitude,64.15,dB,auberge-gaspesie,6a2d09e3b36c2f20de8ad53f,2026-06-16T04:02:46.665Z,2026-06-16T04:02:46.836Z
6a30caebffdab552d5509e5a,amplitude,49.09,dB,auberge-gaspesie,6a2d09e3b36c2f20de8ad53f,2026-06-16T04:02:51.668Z,2026-06-16T04:02:51.868Z
6a30caf0ffdab552d5509e5d,amplitude,63.77,dB,auberge-gaspesie,6a2d09e3b36c2f20de8ad53f,2026-06-16T04:02:56.678Z,2026-06-16T04:02:56.854Z
6a30caf5ffdab552d5509e60,amplitude,48.12,dB,auberge-gaspesie,6a2d09e3b36c2f20de8ad53f,2026-06-16T04:03:01.687Z,2026-06-16T04:03:01.863Z
6a30cafaffdab552d5509e63,amplitude,49.76,dB,auberge-gaspesie,6a2d09e3b36c2f20de8ad53f,2026-06-16T04:03:06.698Z,2026-06-16T04:03:06.876Z
6a30caffffdab552d5509e66,amplitude,45.02,dB,auberge-gaspesie,6a2d09e3b36c2f20de8ad53f,2026-06-16T04:03:11.707Z,2026-06-16T04:03:11.852Z
6a30cb04ffdab552d5509e69,amplitude,52.12,dB,auberge-gaspesie,6a2d09e3b36c2f20de8ad53f,2026-06-16T04:03:16.719Z,2026-06-16T04:03:16.884Z
6a30cb09ffdab552d5509e6c,amplitude,50.91,dB,auberge-gaspesie,6a2d09e3b36c2f20de8ad53f,2026-06-16T04:03:21.735Z,2026-06-16T04:03:21.885Z
6a30cb0fffdab552d5509e6f,amplitude,47.18,dB,auberge-gaspesie,6a2d09e3b36c2f20de8ad53f,2026-06-16T04:03:26.768Z,2026-06-16T04:03:27.082Z
6a30cb13ffdab552d5509e72,amplitude,47.41,dB,auberge-gaspesie,6a2d09e3b36c2f20de8ad53f,2026-06-16T04:03:31.737Z,2026-06-16T04:03:31.880Z
6a30cb18ffdab552d5509e75,amplitude,43.03,dB,auberge-gaspesie,6a2d09e3b36c2f20de8ad53f,2026-06-16T04:03:36.747Z,2026-06-16T04:03:36.895Z
6a30cb1dffdab552d5509e78,amplitude,60.71,dB,auberge-gaspesie,6a2d09e3b36c2f20de8ad53f,2026-06-16T04:03:41.753Z,2026-06-16T04:03:41.892Z
6a30cb22ffdab552d5509e7b,amplitude,49.77,dB,auberge-gaspesie,6a2d09e3b36c2f20de8ad53f,2026-06-16T04:03:46.762Z,2026-06-16T04:03:46.915Z
6a30cb27ffdab552d5509e7e,amplitude,49.73,dB,auberge-gaspesie,6a2d09e3b36c2f20de8ad53f,2026-06-16T04:03:51.756Z,2026-06-16T04:03:51.912Z
6a30cb2cffdab552d5509e81,amplitude,48.4,dB,auberge-gaspesie,6a2d09e3b36c2f20de8ad53f,2026-06-16T04:03:56.775Z,2026-06-16T04:03:56.925Z
6a30cb31ffdab552d5509e84,amplitude,48.26,dB,auberge-gaspesie,6a2d09e3b36c2f20de8ad53f,2026-06-16T04:04:01.795Z,2026-06-16T04:04:01.945Z
6a30cb36ffdab552d5509e87,amplitude,46.98,dB,auberge-gaspesie,6a2d09e3b36c2f20de8ad53f,2026-06-16T04:04:06.805Z,2026-06-16T04:04:06.977Z
6a30cb3bffdab552d5509e8a,amplitude,48.85,dB,auberge-gaspesie,6a2d09e3b36c2f20de8ad53f,2026-06-16T04:04:11.810Z,2026-06-16T04:04:11.968Z
6a30cb40ffdab552d5509e8d,amplitude,43.8,dB,auberge-gaspesie,6a2d09e3b36c2f20de8ad53f,2026-06-16T04:04:16.816Z,2026-06-16T04:04:16.976Z
6a30cb46ffdab552d5509e90,amplitude,49.82,dB,auberge-gaspesie,6a2d09e3b36c2f20de8ad53f,2026-06-16T04:04:21.851Z,2026-06-16T04:04:22.004Z
6a30cb4bffdab552d5509e93,amplitude,44,dB,auberge-gaspesie,6a2d09e3b36c2f20de8ad53f,2026-06-16T04:04:26.836Z,2026-06-16T04:04:27.014Z
6a30cb50ffdab552d5509e96,amplitude,46.47,dB,auberge-gaspesie,6a2d09e3b36c2f20de8ad53f,2026-06-16T04:04:31.841Z,2026-06-16T04:04:32.040Z
6a30cb55ffdab552d5509e99,amplitude,48.8,dB,auberge-gaspesie,6a2d09e3b36c2f20de8ad53f,2026-06-16T04:04:36.909Z,2026-06-16T04:04:37.114Z
6a30cb5affdab552d5509e9c,amplitude,43.94,dB,auberge-gaspesie,6a2d09e3b36c2f20de8ad53f,2026-06-16T04:04:41.856Z,2026-06-16T04:04:42.008Z
6a30cb5fffdab552d5509e9f,amplitude,46.96,dB,auberge-gaspesie,6a2d09e3b36c2f20de8ad53f,2026-06-16T04:04:46.867Z,2026-06-16T04:04:47.053Z
6a30cb64ffdab552d5509ea2,amplitude,47.77,dB,auberge-gaspesie,6a2d09e3b36c2f20de8ad53f,2026-06-16T04:04:51.874Z,2026-06-16T04:04:52.010Z
6a30cb69ffdab552d5509ea5,amplitude,59.7,dB,auberge-gaspesie,6a2d09e3b36c2f20de8ad53f,2026-06-16T04:04:56.869Z,2026-06-16T04:04:57.011Z
6a30cb6effdab552d5509ea8,amplitude,74.86,dB,auberge-gaspesie,6a2d09e3b36c2f20de8ad53f,2026-06-16T04:05:01.872Z,2026-06-16T04:05:02.047Z
6a30cb73ffdab552d5509eab,amplitude,48.87,dB,auberge-gaspesie,6a2d09e3b36c2f20de8ad53f,2026-06-16T04:05:06.886Z,2026-06-16T04:05:07.053Z
6a30cb78ffdab552d5509eae,amplitude,56.63,dB,auberge-gaspesie,6a2d09e3b36c2f20de8ad53f,2026-06-16T04:05:11.885Z,2026-06-16T04:05:12.055Z
6a30cb7dffdab552d5509eb1,amplitude,66.94,dB,auberge-gaspesie,6a2d09e3b36c2f20de8ad53f,2026-06-16T04:05:16.894Z,2026-06-16T04:05:17.086Z
6a30cb82ffdab552d5509eb4,amplitude,49.91,dB,auberge-gaspesie,6a2d09e3b36c2f20de8ad53f,2026-06-16T04:05:21.895Z,2026-06-16T04:05:22.068Z
6a30cb87ffdab552d5509eb7,amplitude,52.08,dB,auberge-gaspesie,6a2d09e3b36c2f20de8ad53f,2026-06-16T04:05:26.971Z,2026-06-16T04:05:27.152Z
6a30cb8cffdab552d5509eba,amplitude,56.34,dB,auberge-gaspesie,6a2d09e3b36c2f20de8ad53f,2026-06-16T04:05:31.919Z,2026-06-16T04:05:32.067Z
6a30cb91ffdab552d5509ebd,amplitude,50.13,dB,auberge-gaspesie,6a2d09e3b36c2f20de8ad53f,2026-06-16T04:05:36.918Z,2026-06-16T04:05:37.168Z
6a30cb96ffdab552d5509ec0,amplitude,46.51,dB,auberge-gaspesie,6a2d09e3b36c2f20de8ad53f,2026-06-16T04:05:41.922Z,2026-06-16T04:05:42.093Z
6a30cb9bffdab552d5509ec3,amplitude,43.09,dB,auberge-gaspesie,6a2d09e3b36c2f20de8ad53f,2026-06-16T04:05:46.925Z,2026-06-16T04:05:47.181Z
6a30cba0ffdab552d5509ec6,amplitude,68.65,dB,auberge-gaspesie,6a2d09e3b36c2f20de8ad53f,2026-06-16T04:05:51.930Z,2026-06-16T04:05:52.171Z
6a30cba5ffdab552d5509ec9,amplitude,65.42,dB,auberge-gaspesie,6a2d09e3b36c2f20de8ad53f,2026-06-16T04:05:56.933Z,2026-06-16T04:05:57.147Z
6a30cbaaffdab552d5509ecc,amplitude,75.84,dB,auberge-gaspesie,6a2d09e3b36c2f20de8ad53f,2026-06-16T04:06:01.951Z,2026-06-16T04:06:02.147Z
6a30cbafffdab552d5509ecf,amplitude,68.19,dB,auberge-gaspesie,6a2d09e3b36c2f20de8ad53f,2026-06-16T04:06:06.945Z,2026-06-16T04:06:07.143Z
6a30cbb4ffdab552d5509ed2,amplitude,65.5,dB,auberge-gaspesie,6a2d09e3b36c2f20de8ad53f,2026-06-16T04:06:11.949Z,2026-06-16T04:06:12.102Z
6a30cbb9ffdab552d5509ed5,amplitude,62.68,dB,auberge-gaspesie,6a2d09e3b36c2f20de8ad53f,2026-06-16T04:06:16.966Z,2026-06-16T04:06:17.162Z
6a30cbbeffdab552d5509ed8,amplitude,46.97,dB,auberge-gaspesie,6a2d09e3b36c2f20de8ad53f,2026-06-16T04:06:21.970Z,2026-06-16T04:06:22.123Z
6a30cbc3ffdab552d5509edb,amplitude,50.32,dB,auberge-gaspesie,6a2d09e3b36c2f20de8ad53f,2026-06-16T04:06:26.958Z,2026-06-16T04:06:27.100Z
6a30cbc8ffdab552d5509ede,amplitude,48.37,dB,auberge-gaspesie,6a2d09e3b36c2f20de8ad53f,2026-06-16T04:06:31.973Z,2026-06-16T04:06:32.135Z
6a30cbcdffdab552d5509ee1,amplitude,69.56,dB,auberge-gaspesie,6a2d09e3b36c2f20de8ad53f,2026-06-16T04:06:36.964Z,2026-06-16T04:06:37.142Z
6a30cbd2ffdab552d5509ee4,amplitude,71.74,dB,auberge-gaspesie,6a2d09e3b36c2f20de8ad53f,2026-06-16T04:06:42.038Z,2026-06-16T04:06:42.203Z
6a30cbd7ffdab552d5509ee7,amplitude,73.91,dB,auberge-gaspesie,6a2d09e3b36c2f20de8ad53f,2026-06-16T04:06:47.051Z,2026-06-16T04:06:47.229Z
6a30cbdcffdab552d5509eea,amplitude,70.61,dB,auberge-gaspesie,6a2d09e3b36c2f20de8ad53f,2026-06-16T04:06:51.976Z,2026-06-16T04:06:52.194Z
6a30cbe1ffdab552d5509eed,amplitude,64.73,dB,auberge-gaspesie,6a2d09e3b36c2f20de8ad53f,2026-06-16T04:06:56.996Z,2026-06-16T04:06:57.185Z
6a30cbe6ffdab552d5509ef0,amplitude,67.53,dB,auberge-gaspesie,6a2d09e3b36c2f20de8ad53f,2026-06-16T04:07:02.037Z,2026-06-16T04:07:02.207Z
6a30cbebffdab552d5509ef3,amplitude,66.72,dB,auberge-gaspesie,6a2d09e3b36c2f20de8ad53f,2026-06-16T04:07:07.009Z,2026-06-16T04:07:07.186Z
6a30cbf0ffdab552d5509ef6,amplitude,63.84,dB,auberge-gaspesie,6a2d09e3b36c2f20de8ad53f,2026-06-16T04:07:12.033Z,2026-06-16T04:07:12.224Z
6a30cbf5ffdab552d5509ef9,amplitude,67.03,dB,auberge-gaspesie,6a2d09e3b36c2f20de8ad53f,2026-06-16T04:07:17.032Z,2026-06-16T04:07:17.247Z
6a30cbfaffdab552d5509efc,amplitude,71.58,dB,auberge-gaspesie,6a2d09e3b36c2f20de8ad53f,2026-06-16T04:07:22.039Z,2026-06-16T04:07:22.181Z
6a30cbffffdab552d5509eff,amplitude,69.8,dB,auberge-gaspesie,6a2d09e3b36c2f20de8ad53f,2026-06-16T04:07:27.051Z,2026-06-16T04:07:27.222Z
6a30cc04ffdab552d5509f02,amplitude,61.23,dB,auberge-gaspesie,6a2d09e3b36c2f20de8ad53f,2026-06-16T04:07:32.050Z,2026-06-16T04:07:32.200Z
6a30cc09ffdab552d5509f05,amplitude,67.32,dB,auberge-gaspesie,6a2d09e3b36c2f20de8ad53f,2026-06-16T04:07:37.049Z,2026-06-16T04:07:37.277Z
6a30cc0effdab552d5509f08,amplitude,66.1,dB,auberge-gaspesie,6a2d09e3b36c2f20de8ad53f,2026-06-16T04:07:42.171Z,2026-06-16T04:07:42.355Z
6a30cc13ffdab552d5509f0b,amplitude,62.99,dB,auberge-gaspesie,6a2d09e3b36c2f20de8ad53f,2026-06-16T04:07:47.074Z,2026-06-16T04:07:47.547Z
6a30cc18ffdab552d5509f0e,amplitude,66.06,dB,auberge-gaspesie,6a2d09e3b36c2f20de8ad53f,2026-06-16T04:07:52.085Z,2026-06-16T04:07:52.316Z
6a30cc1dffdab552d5509f11,amplitude,58.78,dB,auberge-gaspesie,6a2d09e3b36c2f20de8ad53f,2026-06-16T04:07:57.104Z,2026-06-16T04:07:57.257Z
6a30cc22ffdab552d5509f14,amplitude,67.14,dB,auberge-gaspesie,6a2d09e3b36c2f20de8ad53f,2026-06-16T04:08:02.116Z,2026-06-16T04:08:02.275Z
6a30cc27ffdab552d5509f17,amplitude,61.65,dB,auberge-gaspesie,6a2d09e3b36c2f20de8ad53f,2026-06-16T04:08:07.127Z,2026-06-16T04:08:07.362Z
6a30cc2cffdab552d5509f1a,amplitude,69.45,dB,auberge-gaspesie,6a2d09e3b36c2f20de8ad53f,2026-06-16T04:08:12.133Z,2026-06-16T04:08:12.301Z
6a30cc31ffdab552d5509f1d,amplitude,69.21,dB,auberge-gaspesie,6a2d09e3b36c2f20de8ad53f,2026-06-16T04:08:17.143Z,2026-06-16T04:08:17.328Z
6a30cc36ffdab552d5509f20,amplitude,67.67,dB,auberge-gaspesie,6a2d09e3b36c2f20de8ad53f,2026-06-16T04:08:22.160Z,2026-06-16T04:08:22.357Z
6a30cc3bffdab552d5509f23,amplitude,62.7,dB,auberge-gaspesie,6a2d09e3b36c2f20de8ad53f,2026-06-16T04:08:27.155Z,2026-06-16T04:08:27.519Z
6a30cc40ffdab552d5509f26,amplitude,66.19,dB,auberge-gaspesie,6a2d09e3b36c2f20de8ad53f,2026-06-16T04:08:32.162Z,2026-06-16T04:08:32.344Z
6a30cc45ffdab552d5509f29,amplitude,67.3,dB,auberge-gaspesie,6a2d09e3b36c2f20de8ad53f,2026-06-16T04:08:37.172Z,2026-06-16T04:08:37.391Z
6a30cc4affdab552d5509f2c,amplitude,50.05,dB,auberge-gaspesie,6a2d09e3b36c2f20de8ad53f,2026-06-16T04:08:42.220Z,2026-06-16T04:08:42.388Z
6a30cc4fffdab552d5509f2f,amplitude,60.34,dB,auberge-gaspesie,6a2d09e3b36c2f20de8ad53f,2026-06-16T04:08:47.304Z,2026-06-16T04:08:47.503Z
6a30cc54ffdab552d5509f32,amplitude,59.74,dB,auberge-gaspesie,6a2d09e3b36c2f20de8ad53f,2026-06-16T04:08:52.198Z,2026-06-16T04:08:52.380Z
6a30cc59ffdab552d5509f35,amplitude,60.63,dB,auberge-gaspesie,6a2d09e3b36c2f20de8ad53f,2026-06-16T04:08:57.197Z,2026-06-16T04:08:57.392Z
6a30cc5effdab552d5509f38,amplitude,65.91,dB,auberge-gaspesie,6a2d09e3b36c2f20de8ad53f,2026-06-16T04:09:02.203Z,2026-06-16T04:09:02.387Z
6a30cc63ffdab552d5509f3b,amplitude,55.01,dB,auberge-gaspesie,6a2d09e3b36c2f20de8ad53f,2026-06-16T04:09:07.204Z,2026-06-16T04:09:07.498Z
6a30cc68ffdab552d5509f3e,amplitude,61.46,dB,auberge-gaspesie,6a2d09e3b36c2f20de8ad53f,2026-06-16T04:09:12.221Z,2026-06-16T04:09:12.397Z
6a30cc6dffdab552d5509f41,amplitude,69.48,dB,auberge-gaspesie,6a2d09e3b36c2f20de8ad53f,2026-06-16T04:09:17.244Z,2026-06-16T04:09:17.393Z
6a30cc72ffdab552d5509f44,amplitude,64.36,dB,auberge-gaspesie,6a2d09e3b36c2f20de8ad53f,2026-06-16T04:09:22.248Z,2026-06-16T04:09:22.418Z
6a30cc77ffdab552d5509f47,amplitude,62.34,dB,auberge-gaspesie,6a2d09e3b36c2f20de8ad53f,2026-06-16T04:09:27.238Z,2026-06-16T04:09:27.388Z
6a30cc7cffdab552d5509f4a,amplitude,56.6,dB,auberge-gaspesie,6a2d09e3b36c2f20de8ad53f,2026-06-16T04:09:32.274Z,2026-06-16T04:09:32.441Z
6a30cc81ffdab552d5509f4d,amplitude,65.95,dB,auberge-gaspesie,6a2d09e3b36c2f20de8ad53f,2026-06-16T04:09:37.260Z,2026-06-16T04:09:37.453Z
6a30cc86ffdab552d5509f50,amplitude,68.77,dB,auberge-gaspesie,6a2d09e3b36c2f20de8ad53f,2026-06-16T04:09:42.271Z,2026-06-16T04:09:42.459Z
6a30cc8bffdab552d5509f53,amplitude,56.4,dB,auberge-gaspesie,6a2d09e3b36c2f20de8ad53f,2026-06-16T04:09:47.281Z,2026-06-16T04:09:47.462Z
6a30cc90ffdab552d5509f56,amplitude,65.16,dB,auberge-gaspesie,6a2d09e3b36c2f20de8ad53f,2026-06-16T04:09:52.279Z,2026-06-16T04:09:52.535Z
6a30cc95ffdab552d5509f59,amplitude,64.6,dB,auberge-gaspesie,6a2d09e3b36c2f20de8ad53f,2026-06-16T04:09:57.290Z,2026-06-16T04:09:57.481Z
6a30cc9affdab552d5509f5c,amplitude,55.4,dB,auberge-gaspesie,6a2d09e3b36c2f20de8ad53f,2026-06-16T04:10:02.320Z,2026-06-16T04:10:02.464Z
6a30cc9fffdab552d5509f5f,amplitude,54.38,dB,auberge-gaspesie,6a2d09e3b36c2f20de8ad53f,2026-06-16T04:10:07.322Z,2026-06-16T04:10:07.758Z
6a30cca6ffdab552d5509f62,amplitude,55.07,dB,auberge-gaspesie,6a2d09e3b36c2f20de8ad53f,2026-06-16T04:10:12.319Z,2026-06-16T04:10:14.765Z
6a30cca9ffdab552d5509f65,amplitude,54.9,dB,auberge-gaspesie,6a2d09e3b36c2f20de8ad53f,2026-06-16T04:10:17.323Z,2026-06-16T04:10:17.534Z
6a30ccaeffdab552d5509f68,amplitude,60.69,dB,auberge-gaspesie,6a2d09e3b36c2f20de8ad53f,2026-06-16T04:10:22.346Z,2026-06-16T04:10:22.508Z
6a30ccb3ffdab552d5509f6b,amplitude,63.99,dB,auberge-gaspesie,6a2d09e3b36c2f20de8ad53f,2026-06-16T04:10:27.346Z,2026-06-16T04:10:27.521Z
6a30ccb8ffdab552d5509f6e,amplitude,54.35,dB,auberge-gaspesie,6a2d09e3b36c2f20de8ad53f,2026-06-16T04:10:32.350Z,2026-06-16T04:10:32.532Z
6a30ccbdffdab552d5509f71,amplitude,52.74,dB,auberge-gaspesie,6a2d09e3b36c2f20de8ad53f,2026-06-16T04:10:37.376Z,2026-06-16T04:10:37.549Z
6a30ccc2ffdab552d5509f74,amplitude,66.61,dB,auberge-gaspesie,6a2d09e3b36c2f20de8ad53f,2026-06-16T04:10:42.369Z,2026-06-16T04:10:42.540Z
6a30ccc7ffdab552d5509f77,amplitude,58.39,dB,auberge-gaspesie,6a2d09e3b36c2f20de8ad53f,2026-06-16T04:10:47.388Z,2026-06-16T04:10:47.561Z
6a30ccccffdab552d5509f7a,amplitude,62.16,dB,auberge-gaspesie,6a2d09e3b36c2f20de8ad53f,2026-06-16T04:10:52.376Z,2026-06-16T04:10:52.543Z
6a30ccd1ffdab552d5509f7d,amplitude,57.63,dB,auberge-gaspesie,6a2d09e3b36c2f20de8ad53f,2026-06-16T04:10:57.378Z,2026-06-16T04:10:57.556Z
6a30ccd6ffdab552d5509f80,amplitude,59.28,dB,auberge-gaspesie,6a2d09e3b36c2f20de8ad53f,2026-06-16T04:11:02.401Z,2026-06-16T04:11:02.554Z
6a30ccdbffdab552d5509f83,amplitude,64.74,dB,auberge-gaspesie,6a2d09e3b36c2f20de8ad53f,2026-06-16T04:11:07.415Z,2026-06-16T04:11:07.581Z
6a30cce0ffdab552d5509f86,amplitude,62.08,dB,auberge-gaspesie,6a2d09e3b36c2f20de8ad53f,2026-06-16T04:11:12.428Z,2026-06-16T04:11:12.601Z
6a30cce6ffdab552d5509f89,amplitude,60.87,dB,auberge-gaspesie,6a2d09e3b36c2f20de8ad53f,2026-06-16T04:11:17.442Z,2026-06-16T04:11:18.033Z
6a30cceaffdab552d5509f8c,amplitude,70.95,dB,auberge-gaspesie,6a2d09e3b36c2f20de8ad53f,2026-06-16T04:11:22.432Z,2026-06-16T04:11:22.607Z
6a30ccefffdab552d5509f8f,amplitude,48.24,dB,auberge-gaspesie,6a2d09e3b36c2f20de8ad53f,2026-06-16T04:11:27.438Z,2026-06-16T04:11:27.604Z
6a30ccf4ffdab552d5509f92,amplitude,48.74,dB,auberge-gaspesie,6a2d09e3b36c2f20de8ad53f,2026-06-16T04:11:32.435Z,2026-06-16T04:11:32.594Z
6a30ccf9ffdab552d5509f95,amplitude,53.86,dB,auberge-gaspesie,6a2d09e3b36c2f20de8ad53f,2026-06-16T04:11:37.459Z,2026-06-16T04:11:37.627Z
6a30ccfeffdab552d5509f98,amplitude,48.63,dB,auberge-gaspesie,6a2d09e3b36c2f20de8ad53f,2026-06-16T04:11:42.460Z,2026-06-16T04:11:42.622Z
6a30cd03ffdab552d5509f9b,amplitude,59.88,dB,auberge-gaspesie,6a2d09e3b36c2f20de8ad53f,2026-06-16T04:11:47.463Z,2026-06-16T04:11:47.622Z
6a30cd08ffdab552d5509f9e,amplitude,71.27,dB,auberge-gaspesie,6a2d09e3b36c2f20de8ad53f,2026-06-16T04:11:52.474Z,2026-06-16T04:11:52.630Z
